sequence_5to3,length_bp,Tm1_C,monovalent_mM,Mg2+_mM,Tm_C
CTGACGACAAGACT,14,60.5,55.0,1.5,51.8
CTGACGACAAGACT,14,60.5,5.0,10.0,56.3
GTAACCGGCATGAA,14,60.8,55.0,20.0,57.0
GTAACCGGCATGAA,14,60.8,5.0,20.0,57.0
CGCTGCTCACCTGA,14,66.1,55.0,3.0,59.6
CGCTGCTCACCTGA,14,66.1,205.0,125.0,62.0
TCTCAATGGTGTTACG,16,60.4,55.0,1.5,51.8
TCTCAATGGTGTTACG,16,60.4,5.0,0.5,49.0
TCTCAAACACCACACG,16,64.4,55.0,3.0,57.7
TCTCAAACACCACACG,16,64.4,205.0,10.0,60.0
TCTCAATGGTGTCACG,16,63.9,55.0,3.0,56.9
CCTCTCTCTCGCCCTT,16,67.5,55.0,0.5,57.4
CCTCTCTCTCGCCCTT,16,67.5,55.0,1.5,59.4
CCTCTCTCTCGCCCTT,16,67.5,55.0,20.0,64.1
GCCAGTTGGTAAAACAT,17,62.5,55.0,1.5,53.7
GCCAGTTGGTAAAACAT,17,62.5,55.0,3.0,55.6
GGTCAATGGCACTAGCTT,18,69.5,55.0,20.0,64.7
GGTCAATGGCACTAGCTT,18,69.5,105.0,1.5,61.2
ATCTCAGAAATACAGAACTA,20,64.5,55.0,20.0,59.4
ATCTCCGAAATACAGAACTA,20,66.3,55.0,125.0,62.2
ATCTCCGAAATACAGAACTA,20,66.3,105.0,20.0,61.2
ATCTCGGAAATACGGAACTA,20,69.1,55.0,20.0,63.7
TCGTCCGAGCTCCAGCACCG,20,79.1,55.0,1.5,70.7
TCGTCCGAGCTCCAGCACCG,20,79.1,1004.9999999999999,10.0,77.3
TAGCGGACACGGCTGAGCGACCCTGTG,27,86.0,55.0,1.5,77.7
TAGCGGACACGGCTGAGCGACCCTGTG,27,86.0,105.0,3.0,78.9
GCAATAGAAAGAGGAAATAATAGTTTTATATTCGACCTAG,40,75.4,55.0,0.5,62.2
GCAATAGAAAGAGGAAATAATAGTTTTATATTCGACCTAG,40,75.4,55.0,1.5,65.1
GCAATAGAAAGAGGAAATAATAGTTTTATATTCGACCTAG,40,75.4,55.0,20.0,69.7
AGCTGACGCCAAGTCCAAATCTAACCACATGCAAGACACG,40,84.5,55.0,0.5,72.8
AGCTGACGCCAAGTCCAAATCTAACCACATGCAAGACACG,40,84.5,55.0,3.0,76.5
AGCTGACGCCAAGTCCAAATCTAACCACATGCAAGACACG,40,84.5,55.0,20.0,78.3
GAATATACCCAGAAGAATTGGTTTGACAGGTTAATTAGAATATTTAGTCTGATACAATTG,60,79.6,55.0,0.5,66.7
GAATATACCCAGAAGAATTGGTTTGACAGGTTAATTAGAATATTTAGTCTGATACAATTG,60,79.6,55.0,3.0,71.0
GAATATACCCAGAAGAATTGGTTTGACAGGTTAATTAGAATATTTAGTCTGATACAATTG,60,79.6,55.0,20.0,73.3
TTCGCGGATTAGCCCTACGCATCGGTTACAAACGAGGACCTTATGCACTTTGACAGCATG,60,88.4,55.0,1.5,79.2
TTCGCGGATTAGCCCTACGCATCGGTTACAAACGAGGACCTTATGCACTTTGACAGCATG,60,88.4,55.0,20.0,81.0
CGGAGAGGGACAGCTAGTGCCCCTGTGGGGAGTCGCTTATACAAAGCGGAGTGCAATTTT,60,89.1,55.0,0.5,77.8
CGGAGAGGGACAGCTAGTGCCCCTGTGGGGAGTCGCTTATACAAAGCGGAGTGCAATTTT,60,89.1,55.0,3.0,81.2
