duplex_id,sequence_5to3,length_bp,monovalent_mM,Mg2+_mM,Tm_C
ODN1,TTCTACCTATGTGAT,15,1,0.5,43.3
ODN1,TTCTACCTATGTGAT,15,1,1.5,46.1
ODN1,TTCTACCTATGTGAT,15,1,3.0,47.8
ODN1,TTCTACCTATGTGAT,15,1,10.0,50.2
ODN1,TTCTACCTATGTGAT,15,1,20.0,50.4
ODN1,TTCTACCTATGTGAT,15,5,0.5,42.1
ODN1,TTCTACCTATGTGAT,15,5,1.5,45.6
ODN1,TTCTACCTATGTGAT,15,5,3.0,47.6
ODN1,TTCTACCTATGTGAT,15,5,10.0,49.5
ODN1,TTCTACCTATGTGAT,15,5,20.0,50.4
ODN1,TTCTACCTATGTGAT,15,5,50.0,51.0
ODN1,TTCTACCTATGTGAT,15,5,125.0,51.5
ODN1,TTCTACCTATGTGAT,15,55,0.5,42.5
ODN1,TTCTACCTATGTGAT,15,55,1.5,44.7
ODN1,TTCTACCTATGTGAT,15,55,3.0,46.2
ODN1,TTCTACCTATGTGAT,15,55,10.0,49.1
ODN1,TTCTACCTATGTGAT,15,55,20.0,49.6
ODN1,TTCTACCTATGTGAT,15,55,50.0,51.0
ODN1,TTCTACCTATGTGAT,15,55,125.0,51.5
ODN1,TTCTACCTATGTGAT,15,105,0.5,44.8
ODN1,TTCTACCTATGTGAT,15,105,1.5,45.8
ODN1,TTCTACCTATGTGAT,15,105,3.0,47.1
ODN1,TTCTACCTATGTGAT,15,105,10.0,49.1
ODN1,TTCTACCTATGTGAT,15,105,20.0,50.1
ODN1,TTCTACCTATGTGAT,15,105,50.0,51.1
ODN1,TTCTACCTATGTGAT,15,105,125.0,51.6
ODN1,TTCTACCTATGTGAT,15,205,1.5,48.1
ODN1,TTCTACCTATGTGAT,15,205,10.0,49.9
ODN1,TTCTACCTATGTGAT,15,205,50.0,51.1
ODN1,TTCTACCTATGTGAT,15,205,125.0,51.4
ODN1,TTCTACCTATGTGAT,15,605,1.5,51.9
ODN1,TTCTACCTATGTGAT,15,605,10.0,51.9
ODN1,TTCTACCTATGTGAT,15,605,50.0,51.8
ODN1,TTCTACCTATGTGAT,15,605,125.0,51.7
ODN1,TTCTACCTATGTGAT,15,1005,1.5,53.0
ODN1,TTCTACCTATGTGAT,15,1005,10.0,53.0
ODN1,TTCTACCTATGTGAT,15,1005,50.0,52.0
ODN1,TTCTACCTATGTGAT,15,1005,125.0,51.4
ODN2,GCAGTGGATGTGAGA,15,1,0.5,52.3
ODN2,GCAGTGGATGTGAGA,15,1,1.5,55.1
ODN2,GCAGTGGATGTGAGA,15,1,3.0,56.5
ODN2,GCAGTGGATGTGAGA,15,1,10.0,58.1
ODN2,GCAGTGGATGTGAGA,15,1,20.0,58.7
ODN2,GCAGTGGATGTGAGA,15,5,0.5,51.9
ODN2,GCAGTGGATGTGAGA,15,5,1.5,54.7
ODN2,GCAGTGGATGTGAGA,15,5,3.0,56.2
ODN2,GCAGTGGATGTGAGA,15,5,10.0,58.2
ODN2,GCAGTGGATGTGAGA,15,5,20.0,58.8
ODN2,GCAGTGGATGTGAGA,15,5,50.0,59.2
ODN2,GCAGTGGATGTGAGA,15,5,125.0,59.0
ODN2,GCAGTGGATGTGAGA,15,55,0.5,52.5
ODN2,GCAGTGGATGTGAGA,15,55,1.5,54.6
ODN2,GCAGTGGATGTGAGA,15,55,3.0,56.0
ODN2,GCAGTGGATGTGAGA,15,55,10.0,58.0
ODN2,GCAGTGGATGTGAGA,15,55,20.0,58.8
ODN2,GCAGTGGATGTGAGA,15,55,50.0,59.3
ODN2,GCAGTGGATGTGAGA,15,55,125.0,59.1
ODN2,GCAGTGGATGTGAGA,15,105,0.5,54.6
ODN2,GCAGTGGATGTGAGA,15,105,1.5,55.8
ODN2,GCAGTGGATGTGAGA,15,105,3.0,56.6
ODN2,GCAGTGGATGTGAGA,15,105,10.0,58.2
ODN2,GCAGTGGATGTGAGA,15,105,20.0,58.9
ODN2,GCAGTGGATGTGAGA,15,105,50.0,59.4
ODN2,GCAGTGGATGTGAGA,15,105,125.0,59.4
ODN2,GCAGTGGATGTGAGA,15,205,1.5,57.9
ODN2,GCAGTGGATGTGAGA,15,205,10.0,59.1
ODN2,GCAGTGGATGTGAGA,15,205,50.0,59.4
ODN2,GCAGTGGATGTGAGA,15,205,125.0,59.5
ODN2,GCAGTGGATGTGAGA,15,605,1.5,61.3
ODN2,GCAGTGGATGTGAGA,15,605,10.0,61.1
ODN2,GCAGTGGATGTGAGA,15,605,50.0,60.2
ODN2,GCAGTGGATGTGAGA,15,605,125.0,59.5
ODN2,GCAGTGGATGTGAGA,15,1005,1.5,62.3
ODN2,GCAGTGGATGTGAGA,15,1005,10.0,61.7
ODN2,GCAGTGGATGTGAGA,15,1005,50.0,60.3
ODN2,GCAGTGGATGTGAGA,15,1005,125.0,59.6
ODN3,CAGCCTCGTCGCAGC,15,1,0.5,61.9
ODN3,CAGCCTCGTCGCAGC,15,1,1.5,64.1
ODN3,CAGCCTCGTCGCAGC,15,1,3.0,65.3
ODN3,CAGCCTCGTCGCAGC,15,1,10.0,66.8
ODN3,CAGCCTCGTCGCAGC,15,1,20.0,67.3
ODN3,CAGCCTCGTCGCAGC,15,5,0.5,61.1
ODN3,CAGCCTCGTCGCAGC,15,5,1.5,64.2
ODN3,CAGCCTCGTCGCAGC,15,5,3.0,65.1
ODN3,CAGCCTCGTCGCAGC,15,5,10.0,67.2
ODN3,CAGCCTCGTCGCAGC,15,5,20.0,67.5
ODN3,CAGCCTCGTCGCAGC,15,5,50.0,67.5
ODN3,CAGCCTCGTCGCAGC,15,5,125.0,67.3
ODN3,CAGCCTCGTCGCAGC,15,55,0.5,62.0
ODN3,CAGCCTCGTCGCAGC,15,55,1.5,64.0
ODN3,CAGCCTCGTCGCAGC,15,55,3.0,65.2
ODN3,CAGCCTCGTCGCAGC,15,55,10.0,66.6
ODN3,CAGCCTCGTCGCAGC,15,55,20.0,67.4
ODN3,CAGCCTCGTCGCAGC,15,55,50.0,68.1
ODN3,CAGCCTCGTCGCAGC,15,55,125.0,67.4
ODN3,CAGCCTCGTCGCAGC,15,105,0.5,63.8
ODN3,CAGCCTCGTCGCAGC,15,105,1.5,65.0
ODN3,CAGCCTCGTCGCAGC,15,105,3.0,65.7
ODN3,CAGCCTCGTCGCAGC,15,105,10.0,67.5
ODN3,CAGCCTCGTCGCAGC,15,105,20.0,67.5
ODN3,CAGCCTCGTCGCAGC,15,105,50.0,67.8
ODN3,CAGCCTCGTCGCAGC,15,105,125.0,67.2
ODN3,CAGCCTCGTCGCAGC,15,205,1.5,67.0
ODN3,CAGCCTCGTCGCAGC,15,205,10.0,68.1
ODN3,CAGCCTCGTCGCAGC,15,205,50.0,67.6
ODN3,CAGCCTCGTCGCAGC,15,205,125.0,67.3
ODN3,CAGCCTCGTCGCAGC,15,605,1.5,69.8
ODN3,CAGCCTCGTCGCAGC,15,605,10.0,69.4
ODN3,CAGCCTCGTCGCAGC,15,605,50.0,67.9
ODN3,CAGCCTCGTCGCAGC,15,605,125.0,67.3
ODN3,CAGCCTCGTCGCAGC,15,1005,1.5,70.3
ODN3,CAGCCTCGTCGCAGC,15,1005,10.0,70.1
ODN3,CAGCCTCGTCGCAGC,15,1005,50.0,68.1
ODN3,CAGCCTCGTCGCAGC,15,1005,125.0,66.9
ODN4,TGATTCTACCTATGTGATTT,20,1,0.5,51.8
ODN4,TGATTCTACCTATGTGATTT,20,1,1.5,54.6
ODN4,TGATTCTACCTATGTGATTT,20,1,3.0,55.8
ODN4,TGATTCTACCTATGTGATTT,20,1,10.0,57.7
ODN4,TGATTCTACCTATGTGATTT,20,1,20.0,58.2
ODN4,TGATTCTACCTATGTGATTT,20,5,0.5,51.0
ODN4,TGATTCTACCTATGTGATTT,20,5,1.5,54.5
ODN4,TGATTCTACCTATGTGATTT,20,5,3.0,55.8
ODN4,TGATTCTACCTATGTGATTT,20,5,10.0,58.1
ODN4,TGATTCTACCTATGTGATTT,20,5,20.0,58.5
ODN4,TGATTCTACCTATGTGATTT,20,5,50.0,59.3
ODN4,TGATTCTACCTATGTGATTT,20,5,125.0,59.5
ODN4,TGATTCTACCTATGTGATTT,20,55,0.5,51.1
ODN4,TGATTCTACCTATGTGATTT,20,55,1.5,53.8
ODN4,TGATTCTACCTATGTGATTT,20,55,3.0,55.4
ODN4,TGATTCTACCTATGTGATTT,20,55,10.0,57.9
ODN4,TGATTCTACCTATGTGATTT,20,55,20.0,58.9
ODN4,TGATTCTACCTATGTGATTT,20,55,50.0,59.4
ODN4,TGATTCTACCTATGTGATTT,20,55,125.0,59.5
ODN4,TGATTCTACCTATGTGATTT,20,105,0.5,53.0
ODN4,TGATTCTACCTATGTGATTT,20,105,1.5,54.7
ODN4,TGATTCTACCTATGTGATTT,20,105,3.0,55.4
ODN4,TGATTCTACCTATGTGATTT,20,105,10.0,57.9
ODN4,TGATTCTACCTATGTGATTT,20,105,20.0,58.4
ODN4,TGATTCTACCTATGTGATTT,20,105,50.0,59.5
ODN4,TGATTCTACCTATGTGATTT,20,105,125.0,59.7
ODN4,TGATTCTACCTATGTGATTT,20,205,1.5,57.0
ODN4,TGATTCTACCTATGTGATTT,20,205,10.0,58.7
ODN4,TGATTCTACCTATGTGATTT,20,205,50.0,59.4
ODN4,TGATTCTACCTATGTGATTT,20,205,125.0,59.9
ODN4,TGATTCTACCTATGTGATTT,20,605,1.5,61.7
ODN4,TGATTCTACCTATGTGATTT,20,605,10.0,61.6
ODN4,TGATTCTACCTATGTGATTT,20,605,50.0,60.7
ODN4,TGATTCTACCTATGTGATTT,20,605,125.0,60.3
ODN4,TGATTCTACCTATGTGATTT,20,1005,1.5,63.2
ODN4,TGATTCTACCTATGTGATTT,20,1005,10.0,63.0
ODN4,TGATTCTACCTATGTGATTT,20,1005,50.0,61.4
ODN4,TGATTCTACCTATGTGATTT,20,1005,125.0,60.7
ODN5,AGCTGCAGTGGATGTGAGAA,20,1,0.5,61.1
ODN5,AGCTGCAGTGGATGTGAGAA,20,1,1.5,63.7
ODN5,AGCTGCAGTGGATGTGAGAA,20,1,3.0,64.8
ODN5,AGCTGCAGTGGATGTGAGAA,20,1,10.0,66.3
ODN5,AGCTGCAGTGGATGTGAGAA,20,1,20.0,66.8
ODN5,AGCTGCAGTGGATGTGAGAA,20,5,0.5,60.7
ODN5,AGCTGCAGTGGATGTGAGAA,20,5,1.5,63.9
ODN5,AGCTGCAGTGGATGTGAGAA,20,5,3.0,65.1
ODN5,AGCTGCAGTGGATGTGAGAA,20,5,10.0,66.9
ODN5,AGCTGCAGTGGATGTGAGAA,20,5,20.0,67.3
ODN5,AGCTGCAGTGGATGTGAGAA,20,5,50.0,67.7
ODN5,AGCTGCAGTGGATGTGAGAA,20,5,125.0,67.3
ODN5,AGCTGCAGTGGATGTGAGAA,20,55,0.5,61.1
ODN5,AGCTGCAGTGGATGTGAGAA,20,55,1.5,63.2
ODN5,AGCTGCAGTGGATGTGAGAA,20,55,3.0,64.6
ODN5,AGCTGCAGTGGATGTGAGAA,20,55,10.0,65.8
ODN5,AGCTGCAGTGGATGTGAGAA,20,55,20.0,67.1
ODN5,AGCTGCAGTGGATGTGAGAA,20,55,50.0,67.8
ODN5,AGCTGCAGTGGATGTGAGAA,20,55,125.0,67.5
ODN5,AGCTGCAGTGGATGTGAGAA,20,105,0.5,63.3
ODN5,AGCTGCAGTGGATGTGAGAA,20,105,1.5,64.8
ODN5,AGCTGCAGTGGATGTGAGAA,20,105,3.0,65.2
ODN5,AGCTGCAGTGGATGTGAGAA,20,105,10.0,67.0
ODN5,AGCTGCAGTGGATGTGAGAA,20,105,20.0,67.4
ODN5,AGCTGCAGTGGATGTGAGAA,20,105,50.0,67.7
ODN5,AGCTGCAGTGGATGTGAGAA,20,105,125.0,67.7
ODN5,AGCTGCAGTGGATGTGAGAA,20,205,1.5,67.1
ODN5,AGCTGCAGTGGATGTGAGAA,20,205,10.0,68.1
ODN5,AGCTGCAGTGGATGTGAGAA,20,205,50.0,67.5
ODN5,AGCTGCAGTGGATGTGAGAA,20,205,125.0,67.8
ODN5,AGCTGCAGTGGATGTGAGAA,20,605,1.5,71.1
ODN5,AGCTGCAGTGGATGTGAGAA,20,605,10.0,70.7
ODN5,AGCTGCAGTGGATGTGAGAA,20,605,50.0,68.7
ODN5,AGCTGCAGTGGATGTGAGAA,20,605,125.0,68.2
ODN5,AGCTGCAGTGGATGTGAGAA,20,1005,1.5,72.2
ODN5,AGCTGCAGTGGATGTGAGAA,20,1005,10.0,71.7
ODN5,AGCTGCAGTGGATGTGAGAA,20,1005,50.0,69.7
ODN5,AGCTGCAGTGGATGTGAGAA,20,1005,125.0,68.5
ODN6,CAGCCTCGTTCGCACAGCCC,20,1,0.5,68.9
ODN6,CAGCCTCGTTCGCACAGCCC,20,1,1.5,71.3
ODN6,CAGCCTCGTTCGCACAGCCC,20,1,3.0,72.3
ODN6,CAGCCTCGTTCGCACAGCCC,20,1,10.0,73.4
ODN6,CAGCCTCGTTCGCACAGCCC,20,1,20.0,73.9
ODN6,CAGCCTCGTTCGCACAGCCC,20,5,0.5,68.7
ODN6,CAGCCTCGTTCGCACAGCCC,20,5,1.5,71.3
ODN6,CAGCCTCGTTCGCACAGCCC,20,5,3.0,72.3
ODN6,CAGCCTCGTTCGCACAGCCC,20,5,10.0,73.8
ODN6,CAGCCTCGTTCGCACAGCCC,20,5,20.0,74.0
ODN6,CAGCCTCGTTCGCACAGCCC,20,5,50.0,74.2
ODN6,CAGCCTCGTTCGCACAGCCC,20,5,125.0,73.9
ODN6,CAGCCTCGTTCGCACAGCCC,20,55,0.5,68.7
ODN6,CAGCCTCGTTCGCACAGCCC,20,55,1.5,70.8
ODN6,CAGCCTCGTTCGCACAGCCC,20,55,3.0,71.9
ODN6,CAGCCTCGTTCGCACAGCCC,20,55,10.0,73.2
ODN6,CAGCCTCGTTCGCACAGCCC,20,55,20.0,74.0
ODN6,CAGCCTCGTTCGCACAGCCC,20,55,50.0,74.2
ODN6,CAGCCTCGTTCGCACAGCCC,20,55,125.0,73.8
ODN6,CAGCCTCGTTCGCACAGCCC,20,105,0.5,70.8
ODN6,CAGCCTCGTTCGCACAGCCC,20,105,1.5,72.0
ODN6,CAGCCTCGTTCGCACAGCCC,20,105,3.0,72.6
ODN6,CAGCCTCGTTCGCACAGCCC,20,105,10.0,74.0
ODN6,CAGCCTCGTTCGCACAGCCC,20,105,20.0,74.2
ODN6,CAGCCTCGTTCGCACAGCCC,20,105,50.0,74.4
ODN6,CAGCCTCGTTCGCACAGCCC,20,105,125.0,73.8
ODN6,CAGCCTCGTTCGCACAGCCC,20,205,1.5,74.0
ODN6,CAGCCTCGTTCGCACAGCCC,20,205,10.0,74.8
ODN6,CAGCCTCGTTCGCACAGCCC,20,205,50.0,74.4
ODN6,CAGCCTCGTTCGCACAGCCC,20,205,125.0,73.9
ODN6,CAGCCTCGTTCGCACAGCCC,20,605,1.5,77.6
ODN6,CAGCCTCGTTCGCACAGCCC,20,605,10.0,77.0
ODN6,CAGCCTCGTTCGCACAGCCC,20,605,50.0,75.2
ODN6,CAGCCTCGTTCGCACAGCCC,20,605,125.0,74.2
ODN6,CAGCCTCGTTCGCACAGCCC,20,1005,1.5,78.2
ODN6,CAGCCTCGTTCGCACAGCCC,20,1005,10.0,77.5
ODN6,CAGCCTCGTTCGCACAGCCC,20,1005,50.0,75.5
ODN6,CAGCCTCGTTCGCACAGCCC,20,1005,125.0,74.3
ODN7,GTTCTATACTCTTGAAGTTGATTAC,25,1,0.5,57.2
ODN7,GTTCTATACTCTTGAAGTTGATTAC,25,1,1.5,59.7
ODN7,GTTCTATACTCTTGAAGTTGATTAC,25,1,3.0,60.8
ODN7,GTTCTATACTCTTGAAGTTGATTAC,25,1,10.0,62.4
ODN7,GTTCTATACTCTTGAAGTTGATTAC,25,1,20.0,63.0
ODN7,GTTCTATACTCTTGAAGTTGATTAC,25,5,0.5,56.3
ODN7,GTTCTATACTCTTGAAGTTGATTAC,25,5,1.5,59.4
ODN7,GTTCTATACTCTTGAAGTTGATTAC,25,5,3.0,60.7
ODN7,GTTCTATACTCTTGAAGTTGATTAC,25,5,10.0,62.6
ODN7,GTTCTATACTCTTGAAGTTGATTAC,25,5,20.0,63.1
ODN7,GTTCTATACTCTTGAAGTTGATTAC,25,5,50.0,63.8
ODN7,GTTCTATACTCTTGAAGTTGATTAC,25,5,125.0,64.0
ODN7,GTTCTATACTCTTGAAGTTGATTAC,25,55,0.5,54.6
ODN7,GTTCTATACTCTTGAAGTTGATTAC,25,55,1.5,57.5
ODN7,GTTCTATACTCTTGAAGTTGATTAC,25,55,3.0,59.1
ODN7,GTTCTATACTCTTGAAGTTGATTAC,25,55,10.0,61.5
ODN7,GTTCTATACTCTTGAAGTTGATTAC,25,55,20.0,63.0
ODN7,GTTCTATACTCTTGAAGTTGATTAC,25,55,50.0,63.8
ODN7,GTTCTATACTCTTGAAGTTGATTAC,25,55,125.0,64.2
ODN7,GTTCTATACTCTTGAAGTTGATTAC,25,105,0.5,57.3
ODN7,GTTCTATACTCTTGAAGTTGATTAC,25,105,1.5,58.9
ODN7,GTTCTATACTCTTGAAGTTGATTAC,25,105,3.0,60.0
ODN7,GTTCTATACTCTTGAAGTTGATTAC,25,105,10.0,62.2
ODN7,GTTCTATACTCTTGAAGTTGATTAC,25,105,20.0,63.2
ODN7,GTTCTATACTCTTGAAGTTGATTAC,25,105,50.0,63.9
ODN7,GTTCTATACTCTTGAAGTTGATTAC,25,105,125.0,64.3
ODN7,GTTCTATACTCTTGAAGTTGATTAC,25,205,1.5,61.3
ODN7,GTTCTATACTCTTGAAGTTGATTAC,25,205,10.0,63.1
ODN7,GTTCTATACTCTTGAAGTTGATTAC,25,205,50.0,63.9
ODN7,GTTCTATACTCTTGAAGTTGATTAC,25,205,125.0,64.4
ODN7,GTTCTATACTCTTGAAGTTGATTAC,25,605,1.5,66.2
ODN7,GTTCTATACTCTTGAAGTTGATTAC,25,605,10.0,66.0
ODN7,GTTCTATACTCTTGAAGTTGATTAC,25,605,50.0,65.2
ODN7,GTTCTATACTCTTGAAGTTGATTAC,25,605,125.0,64.9
ODN7,GTTCTATACTCTTGAAGTTGATTAC,25,1005,1.5,67.9
ODN7,GTTCTATACTCTTGAAGTTGATTAC,25,1005,10.0,67.5
ODN7,GTTCTATACTCTTGAAGTTGATTAC,25,1005,50.0,66.1
ODN7,GTTCTATACTCTTGAAGTTGATTAC,25,1005,125.0,65.5
ODN8,CTGGTCTGGATCTGAGAACTTCAGG,25,1,0.5,65.6
ODN8,CTGGTCTGGATCTGAGAACTTCAGG,25,1,1.5,67.7
ODN8,CTGGTCTGGATCTGAGAACTTCAGG,25,1,3.0,68.7
ODN8,CTGGTCTGGATCTGAGAACTTCAGG,25,1,10.0,69.8
ODN8,CTGGTCTGGATCTGAGAACTTCAGG,25,1,20.0,70.3
ODN8,CTGGTCTGGATCTGAGAACTTCAGG,25,5,0.5,65.1
ODN8,CTGGTCTGGATCTGAGAACTTCAGG,25,5,1.5,67.6
ODN8,CTGGTCTGGATCTGAGAACTTCAGG,25,5,3.0,68.5
ODN8,CTGGTCTGGATCTGAGAACTTCAGG,25,5,10.0,70.1
ODN8,CTGGTCTGGATCTGAGAACTTCAGG,25,5,20.0,70.3
ODN8,CTGGTCTGGATCTGAGAACTTCAGG,25,5,50.0,70.7
ODN8,CTGGTCTGGATCTGAGAACTTCAGG,25,5,125.0,70.6
ODN8,CTGGTCTGGATCTGAGAACTTCAGG,25,55,0.5,64.5
ODN8,CTGGTCTGGATCTGAGAACTTCAGG,25,55,1.5,66.9
ODN8,CTGGTCTGGATCTGAGAACTTCAGG,25,55,3.0,68.1
ODN8,CTGGTCTGGATCTGAGAACTTCAGG,25,55,10.0,69.7
ODN8,CTGGTCTGGATCTGAGAACTTCAGG,25,55,20.0,70.4
ODN8,CTGGTCTGGATCTGAGAACTTCAGG,25,55,50.0,70.7
ODN8,CTGGTCTGGATCTGAGAACTTCAGG,25,55,125.0,70.8
ODN8,CTGGTCTGGATCTGAGAACTTCAGG,25,105,0.5,66.2
ODN8,CTGGTCTGGATCTGAGAACTTCAGG,25,105,1.5,68.0
ODN8,CTGGTCTGGATCTGAGAACTTCAGG,25,105,3.0,68.8
ODN8,CTGGTCTGGATCTGAGAACTTCAGG,25,105,10.0,70.3
ODN8,CTGGTCTGGATCTGAGAACTTCAGG,25,105,20.0,70.7
ODN8,CTGGTCTGGATCTGAGAACTTCAGG,25,105,50.0,71.0
ODN8,CTGGTCTGGATCTGAGAACTTCAGG,25,105,125.0,70.9
ODN8,CTGGTCTGGATCTGAGAACTTCAGG,25,205,1.5,70.0
ODN8,CTGGTCTGGATCTGAGAACTTCAGG,25,205,10.0,71.2
ODN8,CTGGTCTGGATCTGAGAACTTCAGG,25,205,50.0,71.1
ODN8,CTGGTCTGGATCTGAGAACTTCAGG,25,205,125.0,71.0
ODN8,CTGGTCTGGATCTGAGAACTTCAGG,25,605,1.5,74.1
ODN8,CTGGTCTGGATCTGAGAACTTCAGG,25,605,10.0,74.0
ODN8,CTGGTCTGGATCTGAGAACTTCAGG,25,605,50.0,72.5
ODN8,CTGGTCTGGATCTGAGAACTTCAGG,25,605,125.0,71.6
ODN8,CTGGTCTGGATCTGAGAACTTCAGG,25,1005,1.5,75.6
ODN8,CTGGTCTGGATCTGAGAACTTCAGG,25,1005,10.0,75.2
ODN8,CTGGTCTGGATCTGAGAACTTCAGG,25,1005,50.0,73.2
ODN8,CTGGTCTGGATCTGAGAACTTCAGG,25,1005,125.0,72.3
ODN9,CAGTGGGCTCCTGGGCGTGCTGGTC,25,1,0.5,73.5
ODN9,CAGTGGGCTCCTGGGCGTGCTGGTC,25,1,1.5,75.3
ODN9,CAGTGGGCTCCTGGGCGTGCTGGTC,25,1,3.0,76.2
ODN9,CAGTGGGCTCCTGGGCGTGCTGGTC,25,1,10.0,77.3
ODN9,CAGTGGGCTCCTGGGCGTGCTGGTC,25,1,20.0,77.6
ODN9,CAGTGGGCTCCTGGGCGTGCTGGTC,25,5,0.5,73.3
ODN9,CAGTGGGCTCCTGGGCGTGCTGGTC,25,5,1.5,75.9
ODN9,CAGTGGGCTCCTGGGCGTGCTGGTC,25,5,3.0,76.6
ODN9,CAGTGGGCTCCTGGGCGTGCTGGTC,25,5,10.0,78.0
ODN9,CAGTGGGCTCCTGGGCGTGCTGGTC,25,5,20.0,78.0
ODN9,CAGTGGGCTCCTGGGCGTGCTGGTC,25,5,50.0,78.2
ODN9,CAGTGGGCTCCTGGGCGTGCTGGTC,25,5,125.0,77.4
ODN9,CAGTGGGCTCCTGGGCGTGCTGGTC,25,55,0.5,73.9
ODN9,CAGTGGGCTCCTGGGCGTGCTGGTC,25,55,1.5,75.6
ODN9,CAGTGGGCTCCTGGGCGTGCTGGTC,25,55,3.0,76.5
ODN9,CAGTGGGCTCCTGGGCGTGCTGGTC,25,55,10.0,77.3
ODN9,CAGTGGGCTCCTGGGCGTGCTGGTC,25,55,20.0,78.1
ODN9,CAGTGGGCTCCTGGGCGTGCTGGTC,25,55,50.0,78.3
ODN9,CAGTGGGCTCCTGGGCGTGCTGGTC,25,55,125.0,78.0
ODN9,CAGTGGGCTCCTGGGCGTGCTGGTC,25,105,0.5,75.6
ODN9,CAGTGGGCTCCTGGGCGTGCTGGTC,25,105,1.5,77.2
ODN9,CAGTGGGCTCCTGGGCGTGCTGGTC,25,105,3.0,77.4
ODN9,CAGTGGGCTCCTGGGCGTGCTGGTC,25,105,10.0,78.7
ODN9,CAGTGGGCTCCTGGGCGTGCTGGTC,25,105,20.0,78.4
ODN9,CAGTGGGCTCCTGGGCGTGCTGGTC,25,105,50.0,78.3
ODN9,CAGTGGGCTCCTGGGCGTGCTGGTC,25,105,125.0,77.8
ODN9,CAGTGGGCTCCTGGGCGTGCTGGTC,25,205,1.5,79.3
ODN9,CAGTGGGCTCCTGGGCGTGCTGGTC,25,205,10.0,79.5
ODN9,CAGTGGGCTCCTGGGCGTGCTGGTC,25,205,50.0,78.2
ODN9,CAGTGGGCTCCTGGGCGTGCTGGTC,25,205,125.0,77.8
ODN9,CAGTGGGCTCCTGGGCGTGCTGGTC,25,605,1.5,82.6
ODN9,CAGTGGGCTCCTGGGCGTGCTGGTC,25,605,10.0,81.9
ODN9,CAGTGGGCTCCTGGGCGTGCTGGTC,25,605,50.0,79.4
ODN9,CAGTGGGCTCCTGGGCGTGCTGGTC,25,605,125.0,78.3
ODN9,CAGTGGGCTCCTGGGCGTGCTGGTC,25,1005,1.5,83.3
ODN9,CAGTGGGCTCCTGGGCGTGCTGGTC,25,1005,10.0,82.6
ODN9,CAGTGGGCTCCTGGGCGTGCTGGTC,25,1005,50.0,79.8
ODN9,CAGTGGGCTCCTGGGCGTGCTGGTC,25,1005,125.0,78.4
ODN10,CTTAAGATATGAGAACTTCAACTAATGTGT,30,1,0.5,61.0
ODN10,CTTAAGATATGAGAACTTCAACTAATGTGT,30,1,1.5,63.1
ODN10,CTTAAGATATGAGAACTTCAACTAATGTGT,30,1,3.0,64.1
ODN10,CTTAAGATATGAGAACTTCAACTAATGTGT,30,1,10.0,65.5
ODN10,CTTAAGATATGAGAACTTCAACTAATGTGT,30,1,20.0,66.0
ODN10,CTTAAGATATGAGAACTTCAACTAATGTGT,30,5,0.5,60.5
ODN10,CTTAAGATATGAGAACTTCAACTAATGTGT,30,5,1.5,63.2
ODN10,CTTAAGATATGAGAACTTCAACTAATGTGT,30,5,3.0,64.4
ODN10,CTTAAGATATGAGAACTTCAACTAATGTGT,30,5,10.0,65.9
ODN10,CTTAAGATATGAGAACTTCAACTAATGTGT,30,5,20.0,66.4
ODN10,CTTAAGATATGAGAACTTCAACTAATGTGT,30,5,50.0,67.1
ODN10,CTTAAGATATGAGAACTTCAACTAATGTGT,30,5,125.0,67.1
ODN10,CTTAAGATATGAGAACTTCAACTAATGTGT,30,55,0.5,59.2
ODN10,CTTAAGATATGAGAACTTCAACTAATGTGT,30,55,1.5,61.8
ODN10,CTTAAGATATGAGAACTTCAACTAATGTGT,30,55,3.0,63.4
ODN10,CTTAAGATATGAGAACTTCAACTAATGTGT,30,55,10.0,65.2
ODN10,CTTAAGATATGAGAACTTCAACTAATGTGT,30,55,20.0,66.1
ODN10,CTTAAGATATGAGAACTTCAACTAATGTGT,30,55,50.0,67.3
ODN10,CTTAAGATATGAGAACTTCAACTAATGTGT,30,55,125.0,67.2
ODN10,CTTAAGATATGAGAACTTCAACTAATGTGT,30,105,0.5,61.5
ODN10,CTTAAGATATGAGAACTTCAACTAATGTGT,30,105,1.5,63.0
ODN10,CTTAAGATATGAGAACTTCAACTAATGTGT,30,105,3.0,64.0
ODN10,CTTAAGATATGAGAACTTCAACTAATGTGT,30,105,10.0,66.0
ODN10,CTTAAGATATGAGAACTTCAACTAATGTGT,30,105,20.0,66.6
ODN10,CTTAAGATATGAGAACTTCAACTAATGTGT,30,105,50.0,67.2
ODN10,CTTAAGATATGAGAACTTCAACTAATGTGT,30,105,125.0,67.2
ODN10,CTTAAGATATGAGAACTTCAACTAATGTGT,30,205,1.5,65.3
ODN10,CTTAAGATATGAGAACTTCAACTAATGTGT,30,205,10.0,66.8
ODN10,CTTAAGATATGAGAACTTCAACTAATGTGT,30,205,50.0,67.0
ODN10,CTTAAGATATGAGAACTTCAACTAATGTGT,30,205,125.0,67.3
ODN10,CTTAAGATATGAGAACTTCAACTAATGTGT,30,605,1.5,70.4
ODN10,CTTAAGATATGAGAACTTCAACTAATGTGT,30,605,10.0,70.1
ODN10,CTTAAGATATGAGAACTTCAACTAATGTGT,30,605,50.0,68.5
ODN10,CTTAAGATATGAGAACTTCAACTAATGTGT,30,605,125.0,68.1
ODN10,CTTAAGATATGAGAACTTCAACTAATGTGT,30,1005,1.5,72.0
ODN10,CTTAAGATATGAGAACTTCAACTAATGTGT,30,1005,10.0,71.4
ODN10,CTTAAGATATGAGAACTTCAACTAATGTGT,30,1005,50.0,69.6
ODN10,CTTAAGATATGAGAACTTCAACTAATGTGT,30,1005,125.0,68.5
ODN11,AGTCTGGTCTGGATCTGAGAACTTCAGGCT,30,1,0.5,69.8
ODN11,AGTCTGGTCTGGATCTGAGAACTTCAGGCT,30,1,1.5,71.6
ODN11,AGTCTGGTCTGGATCTGAGAACTTCAGGCT,30,1,3.0,72.5
ODN11,AGTCTGGTCTGGATCTGAGAACTTCAGGCT,30,1,10.0,73.6
ODN11,AGTCTGGTCTGGATCTGAGAACTTCAGGCT,30,1,20.0,73.9
ODN11,AGTCTGGTCTGGATCTGAGAACTTCAGGCT,30,5,0.5,68.8
ODN11,AGTCTGGTCTGGATCTGAGAACTTCAGGCT,30,5,1.5,71.6
ODN11,AGTCTGGTCTGGATCTGAGAACTTCAGGCT,30,5,3.0,72.3
ODN11,AGTCTGGTCTGGATCTGAGAACTTCAGGCT,30,5,10.0,73.8
ODN11,AGTCTGGTCTGGATCTGAGAACTTCAGGCT,30,5,20.0,73.9
ODN11,AGTCTGGTCTGGATCTGAGAACTTCAGGCT,30,5,50.0,74.2
ODN11,AGTCTGGTCTGGATCTGAGAACTTCAGGCT,30,5,125.0,74.4
ODN11,AGTCTGGTCTGGATCTGAGAACTTCAGGCT,30,55,0.5,68.5
ODN11,AGTCTGGTCTGGATCTGAGAACTTCAGGCT,30,55,1.5,71.0
ODN11,AGTCTGGTCTGGATCTGAGAACTTCAGGCT,30,55,3.0,72.1
ODN11,AGTCTGGTCTGGATCTGAGAACTTCAGGCT,30,55,10.0,73.8
ODN11,AGTCTGGTCTGGATCTGAGAACTTCAGGCT,30,55,20.0,74.1
ODN11,AGTCTGGTCTGGATCTGAGAACTTCAGGCT,30,55,50.0,74.4
ODN11,AGTCTGGTCTGGATCTGAGAACTTCAGGCT,30,55,125.0,74.7
ODN11,AGTCTGGTCTGGATCTGAGAACTTCAGGCT,30,105,0.5,70.3
ODN11,AGTCTGGTCTGGATCTGAGAACTTCAGGCT,30,105,1.5,72.1
ODN11,AGTCTGGTCTGGATCTGAGAACTTCAGGCT,30,105,3.0,73.0
ODN11,AGTCTGGTCTGGATCTGAGAACTTCAGGCT,30,105,10.0,74.2
ODN11,AGTCTGGTCTGGATCTGAGAACTTCAGGCT,30,105,20.0,74.3
ODN11,AGTCTGGTCTGGATCTGAGAACTTCAGGCT,30,105,50.0,74.9
ODN11,AGTCTGGTCTGGATCTGAGAACTTCAGGCT,30,105,125.0,74.7
ODN11,AGTCTGGTCTGGATCTGAGAACTTCAGGCT,30,205,1.5,74.3
ODN11,AGTCTGGTCTGGATCTGAGAACTTCAGGCT,30,205,10.0,75.1
ODN11,AGTCTGGTCTGGATCTGAGAACTTCAGGCT,30,205,50.0,74.7
ODN11,AGTCTGGTCTGGATCTGAGAACTTCAGGCT,30,205,125.0,74.9
ODN11,AGTCTGGTCTGGATCTGAGAACTTCAGGCT,30,605,1.5,78.2
ODN11,AGTCTGGTCTGGATCTGAGAACTTCAGGCT,30,605,10.0,78.1
ODN11,AGTCTGGTCTGGATCTGAGAACTTCAGGCT,30,605,50.0,76.4
ODN11,AGTCTGGTCTGGATCTGAGAACTTCAGGCT,30,605,125.0,75.6
ODN11,AGTCTGGTCTGGATCTGAGAACTTCAGGCT,30,1005,1.5,79.9
ODN11,AGTCTGGTCTGGATCTGAGAACTTCAGGCT,30,1005,10.0,79.4
ODN11,AGTCTGGTCTGGATCTGAGAACTTCAGGCT,30,1005,50.0,77.2
ODN11,AGTCTGGTCTGGATCTGAGAACTTCAGGCT,30,1005,125.0,76.2
ODN12,GACCTGACGTGGACCGCTCCTGGGCGTGGT,30,1,0.5,76.1
ODN12,GACCTGACGTGGACCGCTCCTGGGCGTGGT,30,1,1.5,77.8
ODN12,GACCTGACGTGGACCGCTCCTGGGCGTGGT,30,1,3.0,78.6
ODN12,GACCTGACGTGGACCGCTCCTGGGCGTGGT,30,1,10.0,79.4
ODN12,GACCTGACGTGGACCGCTCCTGGGCGTGGT,30,1,20.0,79.7
ODN12,GACCTGACGTGGACCGCTCCTGGGCGTGGT,30,5,0.5,75.9
ODN12,GACCTGACGTGGACCGCTCCTGGGCGTGGT,30,5,1.5,78.1
ODN12,GACCTGACGTGGACCGCTCCTGGGCGTGGT,30,5,3.0,79.0
ODN12,GACCTGACGTGGACCGCTCCTGGGCGTGGT,30,5,10.0,79.8
ODN12,GACCTGACGTGGACCGCTCCTGGGCGTGGT,30,5,20.0,79.9
ODN12,GACCTGACGTGGACCGCTCCTGGGCGTGGT,30,5,50.0,80.0
ODN12,GACCTGACGTGGACCGCTCCTGGGCGTGGT,30,5,125.0,79.8
ODN12,GACCTGACGTGGACCGCTCCTGGGCGTGGT,30,55,0.5,76.5
ODN12,GACCTGACGTGGACCGCTCCTGGGCGTGGT,30,55,1.5,78.0
ODN12,GACCTGACGTGGACCGCTCCTGGGCGTGGT,30,55,3.0,79.0
ODN12,GACCTGACGTGGACCGCTCCTGGGCGTGGT,30,55,10.0,79.5
ODN12,GACCTGACGTGGACCGCTCCTGGGCGTGGT,30,55,20.0,80.0
ODN12,GACCTGACGTGGACCGCTCCTGGGCGTGGT,30,55,50.0,80.3
ODN12,GACCTGACGTGGACCGCTCCTGGGCGTGGT,30,55,125.0,79.6
ODN12,GACCTGACGTGGACCGCTCCTGGGCGTGGT,30,105,0.5,78.6
ODN12,GACCTGACGTGGACCGCTCCTGGGCGTGGT,30,105,1.5,79.7
ODN12,GACCTGACGTGGACCGCTCCTGGGCGTGGT,30,105,3.0,79.9
ODN12,GACCTGACGTGGACCGCTCCTGGGCGTGGT,30,105,10.0,80.7
ODN12,GACCTGACGTGGACCGCTCCTGGGCGTGGT,30,105,20.0,80.6
ODN12,GACCTGACGTGGACCGCTCCTGGGCGTGGT,30,105,50.0,80.4
ODN12,GACCTGACGTGGACCGCTCCTGGGCGTGGT,30,105,125.0,79.7
ODN12,GACCTGACGTGGACCGCTCCTGGGCGTGGT,30,205,1.5,81.8
ODN12,GACCTGACGTGGACCGCTCCTGGGCGTGGT,30,205,10.0,81.8
ODN12,GACCTGACGTGGACCGCTCCTGGGCGTGGT,30,205,50.0,80.5
ODN12,GACCTGACGTGGACCGCTCCTGGGCGTGGT,30,205,125.0,79.9
ODN12,GACCTGACGTGGACCGCTCCTGGGCGTGGT,30,605,1.5,85.5
ODN12,GACCTGACGTGGACCGCTCCTGGGCGTGGT,30,605,10.0,84.4
ODN12,GACCTGACGTGGACCGCTCCTGGGCGTGGT,30,605,50.0,81.9
ODN12,GACCTGACGTGGACCGCTCCTGGGCGTGGT,30,605,125.0,80.6
ODN12,GACCTGACGTGGACCGCTCCTGGGCGTGGT,30,1005,1.5,86.3
ODN12,GACCTGACGTGGACCGCTCCTGGGCGTGGT,30,1005,10.0,85.2
ODN12,GACCTGACGTGGACCGCTCCTGGGCGTGGT,30,1005,50.0,82.5
ODN12,GACCTGACGTGGACCGCTCCTGGGCGTGGT,30,1005,125.0,81.0
